{
  "Get characters" : {
    "transaction" : "Get characters",
    "sampleCount" : 9634,
    "errorCount" : 931,
    "errorPct" : 9.6636915,
    "meanResTime" : 2587.4422877309557,
    "medianResTime" : 142.0,
    "minResTime" : 2.0,
    "maxResTime" : 30316.0,
    "pct1ResTime" : 424.0,
    "pct2ResTime" : 29365.25,
    "pct3ResTime" : 30218.0,
    "throughput" : 304.56499747091556,
    "receivedKBytesPerSec" : 1815.741531765696,
    "sentKBytesPerSec" : 45.822737852491144
  },
  "PUT  character/id" : {
    "transaction" : "PUT  character/id",
    "sampleCount" : 8741,
    "errorCount" : 0,
    "errorPct" : 0.0,
    "meanResTime" : 134.4640201349958,
    "medianResTime" : 138.0,
    "minResTime" : 3.0,
    "maxResTime" : 456.0,
    "pct1ResTime" : 176.0,
    "pct2ResTime" : 190.0,
    "pct3ResTime" : 243.3199999999997,
    "throughput" : 292.811201929519,
    "receivedKBytesPerSec" : 75.7763364368384,
    "sentKBytesPerSec" : 63.766501982697974
  },
  "Total" : {
    "transaction" : "Total",
    "sampleCount" : 44720,
    "errorCount" : 931,
    "errorPct" : 2.0818427,
    "meanResTime" : 663.0652057245095,
    "medianResTime" : 162.0,
    "minResTime" : 2.0,
    "maxResTime" : 30316.0,
    "pct1ResTime" : 195.0,
    "pct2ResTime" : 211.0,
    "pct3ResTime" : 30022.0,
    "throughput" : 1413.7582195245323,
    "receivedKBytesPerSec" : 2095.7649628441923,
    "sentKBytesPerSec" : 257.7602635385053
  },
  "DELETE character" : {
    "transaction" : "DELETE character",
    "sampleCount" : 8681,
    "errorCount" : 0,
    "errorPct" : 0.0,
    "meanResTime" : 133.00149752332658,
    "medianResTime" : 135.0,
    "minResTime" : 2.0,
    "maxResTime" : 322.0,
    "pct1ResTime" : 176.0,
    "pct2ResTime" : 188.0,
    "pct3ResTime" : 208.0,
    "throughput" : 292.5259468931123,
    "receivedKBytesPerSec" : 71.13179763318844,
    "sentKBytesPerSec" : 51.7062464723177
  },
  "Get character  by id" : {
    "transaction" : "Get character  by id",
    "sampleCount" : 8880,
    "errorCount" : 0,
    "errorPct" : 0.0,
    "meanResTime" : 135.7665540540539,
    "medianResTime" : 136.0,
    "minResTime" : 2.0,
    "maxResTime" : 472.0,
    "pct1ResTime" : 181.0,
    "pct2ResTime" : 198.0,
    "pct3ResTime" : 282.0,
    "throughput" : 295.10484862583496,
    "receivedKBytesPerSec" : 74.06440048519491,
    "sentKBytesPerSec" : 45.82194426905055
  },
  "Post character" : {
    "transaction" : "Post character",
    "sampleCount" : 8784,
    "errorCount" : 0,
    "errorPct" : 0.0,
    "meanResTime" : 135.3954918032786,
    "medianResTime" : 136.0,
    "minResTime" : 3.0,
    "maxResTime" : 457.0,
    "pct1ResTime" : 181.0,
    "pct2ResTime" : 195.0,
    "pct3ResTime" : 277.0,
    "throughput" : 292.80976032534414,
    "receivedKBytesPerSec" : 75.20406930231007,
    "sentKBytesPerSec" : 62.90834694489816
  }
}