{
  "Get characters" : {
    "transaction" : "Get characters",
    "sampleCount" : 100,
    "errorCount" : 0,
    "errorPct" : 0.0,
    "meanResTime" : 539.84,
    "medianResTime" : 506.0,
    "minResTime" : 106.0,
    "maxResTime" : 888.0,
    "pct1ResTime" : 844.9,
    "pct2ResTime" : 865.9,
    "pct3ResTime" : 887.98,
    "throughput" : 102.3541453428864,
    "receivedKBytesPerSec" : 47.545699526612076,
    "sentKBytesPerSec" : 15.792924769703173
  },
  "PUT  character/id" : {
    "transaction" : "PUT  character/id",
    "sampleCount" : 100,
    "errorCount" : 0,
    "errorPct" : 0.0,
    "meanResTime" : 21.150000000000002,
    "medianResTime" : 8.0,
    "minResTime" : 2.0,
    "maxResTime" : 56.0,
    "pct1ResTime" : 47.900000000000006,
    "pct2ResTime" : 52.799999999999955,
    "pct3ResTime" : 55.989999999999995,
    "throughput" : 236.4066193853428,
    "receivedKBytesPerSec" : 61.17944739952719,
    "sentKBytesPerSec" : 51.48308215130024
  },
  "Total" : {
    "transaction" : "Total",
    "sampleCount" : 500,
    "errorCount" : 0,
    "errorPct" : 0.0,
    "meanResTime" : 128.51200000000003,
    "medianResTime" : 28.0,
    "minResTime" : 2.0,
    "maxResTime" : 888.0,
    "pct1ResTime" : 506.0,
    "pct2ResTime" : 667.9499999999998,
    "pct3ResTime" : 865.98,
    "throughput" : 497.0178926441352,
    "receivedKBytesPerSec" : 146.54941445079524,
    "sentKBytesPerSec" : 91.34645253479125
  },
  "DELETE character" : {
    "transaction" : "DELETE character",
    "sampleCount" : 100,
    "errorCount" : 0,
    "errorPct" : 0.0,
    "meanResTime" : 14.400000000000004,
    "medianResTime" : 6.0,
    "minResTime" : 2.0,
    "maxResTime" : 36.0,
    "pct1ResTime" : 33.900000000000006,
    "pct2ResTime" : 35.0,
    "pct3ResTime" : 36.0,
    "throughput" : 269.54177897574124,
    "receivedKBytesPerSec" : 65.54287398921834,
    "sentKBytesPerSec" : 47.643615229110516
  },
  "Get character  by id" : {
    "transaction" : "Get character  by id",
    "sampleCount" : 100,
    "errorCount" : 0,
    "errorPct" : 0.0,
    "meanResTime" : 35.92999999999998,
    "medianResTime" : 11.5,
    "minResTime" : 4.0,
    "maxResTime" : 122.0,
    "pct1ResTime" : 108.80000000000001,
    "pct2ResTime" : 115.89999999999998,
    "pct3ResTime" : 121.97999999999999,
    "throughput" : 174.21602787456447,
    "receivedKBytesPerSec" : 43.724139808362374,
    "sentKBytesPerSec" : 27.051121515679444
  },
  "Post character" : {
    "transaction" : "Post character",
    "sampleCount" : 100,
    "errorCount" : 0,
    "errorPct" : 0.0,
    "meanResTime" : 31.240000000000002,
    "medianResTime" : 9.0,
    "minResTime" : 3.0,
    "maxResTime" : 119.0,
    "pct1ResTime" : 94.9,
    "pct2ResTime" : 103.94999999999999,
    "pct3ResTime" : 118.93999999999997,
    "throughput" : 208.33333333333334,
    "receivedKBytesPerSec" : 53.50748697916667,
    "sentKBytesPerSec" : 44.759114583333336
  }
}