{
  "Get characters" : {
    "transaction" : "Get characters",
    "sampleCount" : 21359,
    "errorCount" : 4909,
    "errorPct" : 22.983286,
    "meanResTime" : 11722.872793670109,
    "medianResTime" : 261.0,
    "minResTime" : 2.0,
    "maxResTime" : 118153.0,
    "pct1ResTime" : 65124.0,
    "pct2ResTime" : 65531.0,
    "pct3ResTime" : 65941.0,
    "throughput" : 174.6757388900702,
    "receivedKBytesPerSec" : 2759.64292176434,
    "sentKBytesPerSec" : 24.68689431050557
  },
  "PUT  character/id" : {
    "transaction" : "PUT  character/id",
    "sampleCount" : 16524,
    "errorCount" : 2,
    "errorPct" : 0.012103607,
    "meanResTime" : 227.91491164366914,
    "medianResTime" : 225.0,
    "minResTime" : 2.0,
    "maxResTime" : 1245.0,
    "pct1ResTime" : 311.0,
    "pct2ResTime" : 345.75,
    "pct3ResTime" : 564.75,
    "throughput" : 262.1691946436505,
    "receivedKBytesPerSec" : 67.84652009821032,
    "sentKBytesPerSec" : 57.093486724154346
  },
  "Total" : {
    "transaction" : "Total",
    "sampleCount" : 89513,
    "errorCount" : 6753,
    "errorPct" : 7.5441556,
    "meanResTime" : 3743.933864354886,
    "medianResTime" : 291.0,
    "minResTime" : 1.0,
    "maxResTime" : 118153.0,
    "pct1ResTime" : 65129.0,
    "pct2ResTime" : 65531.0,
    "pct3ResTime" : 65941.0,
    "throughput" : 732.0450121853481,
    "receivedKBytesPerSec" : 2904.5026768536654,
    "sentKBytesPerSec" : 130.40282376531346
  },
  "DELETE character" : {
    "transaction" : "DELETE character",
    "sampleCount" : 16451,
    "errorCount" : 1,
    "errorPct" : 0.0060786577,
    "meanResTime" : 229.95179624338869,
    "medianResTime" : 228.0,
    "minResTime" : 2.0,
    "maxResTime" : 1236.0,
    "pct1ResTime" : 316.0,
    "pct2ResTime" : 336.0,
    "pct3ResTime" : 536.4799999999996,
    "throughput" : 263.468930172966,
    "receivedKBytesPerSec" : 64.06617540338725,
    "sentKBytesPerSec" : 46.57019175908873
  },
  "Get character  by id" : {
    "transaction" : "Get character  by id",
    "sampleCount" : 18484,
    "errorCount" : 1753,
    "errorPct" : 9.483878,
    "meanResTime" : 3830.973111880545,
    "medianResTime" : 244.0,
    "minResTime" : 2.0,
    "maxResTime" : 65146.0,
    "pct1ResTime" : 678.5,
    "pct2ResTime" : 32597.75,
    "pct3ResTime" : 64800.0,
    "throughput" : 191.6632102861883,
    "receivedKBytesPerSec" : 53.38824860340626,
    "sentKBytesPerSec" : 29.38184322830257
  },
  "Post character" : {
    "transaction" : "Post character",
    "sampleCount" : 16695,
    "errorCount" : 88,
    "errorPct" : 0.5271039,
    "meanResTime" : 382.22234201856855,
    "medianResTime" : 228.0,
    "minResTime" : 1.0,
    "maxResTime" : 65130.0,
    "pct1ResTime" : 312.0,
    "pct2ResTime" : 356.0,
    "pct3ResTime" : 645.0,
    "throughput" : 175.73869198623143,
    "receivedKBytesPerSec" : 45.13601171130749,
    "sentKBytesPerSec" : 37.756359606416915
  }
}