{
  "Get characters" : {
    "transaction" : "Get characters",
    "sampleCount" : 2000,
    "errorCount" : 358,
    "errorPct" : 17.9,
    "meanResTime" : 1322.9444999999998,
    "medianResTime" : 145.0,
    "minResTime" : 1.0,
    "maxResTime" : 8487.0,
    "pct1ResTime" : 5432.9,
    "pct2ResTime" : 6932.9,
    "pct3ResTime" : 7929.89,
    "throughput" : 233.6175680411167,
    "receivedKBytesPerSec" : 219.56674891951874,
    "sentKBytesPerSec" : 29.59414422964607
  },
  "PUT  character/id" : {
    "transaction" : "PUT  character/id",
    "sampleCount" : 2000,
    "errorCount" : 0,
    "errorPct" : 0.0,
    "meanResTime" : 24.043999999999993,
    "medianResTime" : 7.0,
    "minResTime" : 1.0,
    "maxResTime" : 286.0,
    "pct1ResTime" : 126.0,
    "pct2ResTime" : 131.0,
    "pct3ResTime" : 156.0,
    "throughput" : 271.22321670735016,
    "receivedKBytesPerSec" : 70.18960197992949,
    "sentKBytesPerSec" : 59.06521223216708
  },
  "Total" : {
    "transaction" : "Total",
    "sampleCount" : 10000,
    "errorCount" : 358,
    "errorPct" : 3.58,
    "meanResTime" : 453.7240000000008,
    "medianResTime" : 8.0,
    "minResTime" : 1.0,
    "maxResTime" : 8487.0,
    "pct1ResTime" : 662.599999999904,
    "pct2ResTime" : 4189.799999999996,
    "pct3ResTime" : 6960.98,
    "throughput" : 1166.452816983553,
    "receivedKBytesPerSec" : 454.82820337104863,
    "sentKBytesPerSec" : 207.93798480695204
  },
  "DELETE character" : {
    "transaction" : "DELETE character",
    "sampleCount" : 2000,
    "errorCount" : 0,
    "errorPct" : 0.0,
    "meanResTime" : 20.62349999999998,
    "medianResTime" : 6.0,
    "minResTime" : 1.0,
    "maxResTime" : 261.0,
    "pct1ResTime" : 115.0,
    "pct2ResTime" : 131.0,
    "pct3ResTime" : 147.0,
    "throughput" : 276.47221454243845,
    "receivedKBytesPerSec" : 67.22810685651092,
    "sentKBytesPerSec" : 48.868623859552116
  },
  "Get character  by id" : {
    "transaction" : "Get character  by id",
    "sampleCount" : 2000,
    "errorCount" : 0,
    "errorPct" : 0.0,
    "meanResTime" : 875.7900000000006,
    "medianResTime" : 10.0,
    "minResTime" : 1.0,
    "maxResTime" : 7606.0,
    "pct1ResTime" : 4425.6,
    "pct2ResTime" : 5408.799999999999,
    "pct3ResTime" : 5932.9400000000005,
    "throughput" : 249.3143854400399,
    "receivedKBytesPerSec" : 62.57206743954126,
    "sentKBytesPerSec" : 38.711901645474946
  },
  "Post character" : {
    "transaction" : "Post character",
    "sampleCount" : 2000,
    "errorCount" : 0,
    "errorPct" : 0.0,
    "meanResTime" : 25.218000000000035,
    "medianResTime" : 8.0,
    "minResTime" : 1.0,
    "maxResTime" : 287.0,
    "pct1ResTime" : 123.0,
    "pct2ResTime" : 137.0,
    "pct3ResTime" : 154.93000000000006,
    "throughput" : 265.6042496679947,
    "receivedKBytesPerSec" : 68.21671646746347,
    "sentKBytesPerSec" : 57.06341301460823
  }
}