{
  "Get characters" : {
    "transaction" : "Get characters",
    "sampleCount" : 46904,
    "errorCount" : 11269,
    "errorPct" : 24.02567,
    "meanResTime" : 23068.04701091593,
    "medianResTime" : 413.0,
    "minResTime" : 1.0,
    "maxResTime" : 190415.0,
    "pct1ResTime" : 133642.9,
    "pct2ResTime" : 134195.95,
    "pct3ResTime" : 135327.96000000002,
    "throughput" : 181.62949194547707,
    "receivedKBytesPerSec" : 9266.35928242623,
    "sentKBytesPerSec" : 22.02422982254879
  },
  "PUT  character/id" : {
    "transaction" : "PUT  character/id",
    "sampleCount" : 38574,
    "errorCount" : 2641,
    "errorPct" : 6.8465805,
    "meanResTime" : 1871.132654119354,
    "medianResTime" : 254.0,
    "minResTime" : 0.0,
    "maxResTime" : 136234.0,
    "pct1ResTime" : 590.9000000000015,
    "pct2ResTime" : 19152.650000000456,
    "pct3ResTime" : 65770.90000000002,
    "throughput" : 150.1705155955588,
    "receivedKBytesPerSec" : 52.904403203931594,
    "sentKBytesPerSec" : 31.343273527161813
  },
  "Total" : {
    "transaction" : "Total",
    "sampleCount" : 212441,
    "errorCount" : 33416,
    "errorPct" : 15.729544,
    "meanResTime" : 9278.451461817598,
    "medianResTime" : 283.0,
    "minResTime" : 0.0,
    "maxResTime" : 190415.0,
    "pct1ResTime" : 65720.0,
    "pct2ResTime" : 66338.30000000002,
    "pct3ResTime" : 133102.0,
    "throughput" : 822.6494733581164,
    "receivedKBytesPerSec" : 9536.728158641186,
    "sentKBytesPerSec" : 135.01541912924992
  },
  "DELETE character" : {
    "transaction" : "DELETE character",
    "sampleCount" : 37563,
    "errorCount" : 1788,
    "errorPct" : 4.760003,
    "meanResTime" : 1399.2477171684934,
    "medianResTime" : 243.0,
    "minResTime" : 1.0,
    "maxResTime" : 136241.0,
    "pct1ResTime" : 511.0,
    "pct2ResTime" : 820.0,
    "pct3ResTime" : 65755.90000000002,
    "throughput" : 149.376652814507,
    "receivedKBytesPerSec" : 46.2182858449486,
    "sentKBytesPerSec" : 25.628881162636947
  },
  "Get character  by id" : {
    "transaction" : "Get character  by id",
    "sampleCount" : 46279,
    "errorCount" : 10524,
    "errorPct" : 22.740335,
    "meanResTime" : 11293.302621059202,
    "medianResTime" : 409.0,
    "minResTime" : 0.0,
    "maxResTime" : 142089.0,
    "pct1ResTime" : 66100.9,
    "pct2ResTime" : 130430.8,
    "pct3ResTime" : 133841.96000000002,
    "throughput" : 179.82064174198212,
    "receivedKBytesPerSec" : 102.40079437596653,
    "sentKBytesPerSec" : 23.755396399332454
  },
  "Post character" : {
    "transaction" : "Post character",
    "sampleCount" : 43121,
    "errorCount" : 7194,
    "errorPct" : 16.683287,
    "meanResTime" : 5606.550520628006,
    "medianResTime" : 341.0,
    "minResTime" : 0.0,
    "maxResTime" : 136259.0,
    "pct1ResTime" : 33214.0,
    "pct2ResTime" : 65252.0,
    "pct3ResTime" : 130613.0,
    "throughput" : 171.16058634636988,
    "receivedKBytesPerSec" : 72.45678755611611,
    "sentKBytesPerSec" : 34.01403473344104
  }
}