{
  "Get characters" : {
    "transaction" : "Get characters",
    "sampleCount" : 20000,
    "errorCount" : 1884,
    "errorPct" : 9.42,
    "meanResTime" : 6921.95434999999,
    "medianResTime" : 13.0,
    "minResTime" : 1.0,
    "maxResTime" : 68083.0,
    "pct1ResTime" : 30019.0,
    "pct2ResTime" : 30390.0,
    "pct3ResTime" : 67091.99,
    "throughput" : 269.62535556843767,
    "receivedKBytesPerSec" : 228.3987434615851,
    "sentKBytesPerSec" : 37.683408435229246
  },
  "PUT  character/id" : {
    "transaction" : "PUT  character/id",
    "sampleCount" : 20000,
    "errorCount" : 0,
    "errorPct" : 0.0,
    "meanResTime" : 24.059000000000204,
    "medianResTime" : 11.0,
    "minResTime" : 1.0,
    "maxResTime" : 1062.0,
    "pct1ResTime" : 30.0,
    "pct2ResTime" : 56.0,
    "pct3ResTime" : 440.9600000000064,
    "throughput" : 273.134491423577,
    "receivedKBytesPerSec" : 70.68421897192177,
    "sentKBytesPerSec" : 59.48143709712662
  },
  "Total" : {
    "transaction" : "Total",
    "sampleCount" : 100000,
    "errorCount" : 1941,
    "errorPct" : 1.941,
    "meanResTime" : 1649.955850000017,
    "medianResTime" : 9.0,
    "minResTime" : 1.0,
    "maxResTime" : 68083.0,
    "pct1ResTime" : 29.0,
    "pct2ResTime" : 5579.500000000007,
    "pct3ResTime" : 67091.99,
    "throughput" : 1347.8542160879879,
    "receivedKBytesPerSec" : 501.9326834218986,
    "sentKBytesPerSec" : 243.68342074027527
  },
  "DELETE character" : {
    "transaction" : "DELETE character",
    "sampleCount" : 20000,
    "errorCount" : 0,
    "errorPct" : 0.0,
    "meanResTime" : 22.531100000000055,
    "medianResTime" : 10.0,
    "minResTime" : 1.0,
    "maxResTime" : 888.0,
    "pct1ResTime" : 28.0,
    "pct2ResTime" : 50.0,
    "pct3ResTime" : 412.9300000000112,
    "throughput" : 275.8963181636341,
    "receivedKBytesPerSec" : 67.0880695534618,
    "sentKBytesPerSec" : 48.76682967540798
  },
  "Get character  by id" : {
    "transaction" : "Get character  by id",
    "sampleCount" : 20000,
    "errorCount" : 57,
    "errorPct" : 0.285,
    "meanResTime" : 1240.9348499999958,
    "medianResTime" : 13.0,
    "minResTime" : 1.0,
    "maxResTime" : 22551.0,
    "pct1ResTime" : 2445.5000000000073,
    "pct2ResTime" : 10720.450000000008,
    "pct3ResTime" : 20135.980000000003,
    "throughput" : 271.67268874460046,
    "receivedKBytesPerSec" : 69.57095825324649,
    "sentKBytesPerSec" : 42.063329132311395
  },
  "Post character" : {
    "transaction" : "Post character",
    "sampleCount" : 20000,
    "errorCount" : 0,
    "errorPct" : 0.0,
    "meanResTime" : 40.29994999999993,
    "medianResTime" : 12.0,
    "minResTime" : 1.0,
    "maxResTime" : 5794.0,
    "pct1ResTime" : 33.0,
    "pct2ResTime" : 66.0,
    "pct3ResTime" : 571.9900000000016,
    "throughput" : 272.59469258133544,
    "receivedKBytesPerSec" : 70.01211342665158,
    "sentKBytesPerSec" : 58.565265984271285
  }
}